feature,segment_time,noise_percentage,feature_coeff,augmentation,f1_micro,f1_macro,representation_size,train_size,test_size,algorithm
mfcc,3,0.0,10,3,0.41317365269461076,0.3578081232492997,"(10, 141)","(665, 72000)","(167, 72000)",knn
mfcc,3,0.25,10,3,0.3772455089820359,0.3513888888888889,"(10, 141)","(665, 72000)","(167, 72000)",knn
mfcc,3,0.5,10,3,0.3772455089820359,0.31776695526695525,"(10, 141)","(665, 72000)","(167, 72000)",knn
mfcc,3,0.75,10,3,0.3413173652694611,0.28285533910533905,"(10, 141)","(665, 72000)","(167, 72000)",knn
mfcc,3,1.0,10,3,0.2874251497005988,0.22853986291486286,"(10, 141)","(665, 72000)","(167, 72000)",knn
